"","modname","formula","AICc","BIC","r2.vals","r2.vals.unique","edf","edf.less.1","delta.AICc","delta.BIC","wi.AICc","wi.BIC","Ca","Mg","K","Alkalinity","Fe","waterT","lake_catch_ratio","mix_event","secchi_m","Zmax_m","Altitude","wetland","bare_rock"
"Achnanthidium.affine.Fe+Zmax_m","Fe+Zmax_m","s(Fe, k = 5, bs = ""cr"") + s(Zmax_m, k = 5, bs = ""cr"") + s(Latitude, Longitude, k = 5)",227.733389918142,236.933305005167,0.52105,NA,13,5,0,0,0.177,0.161,0,0,0,0,1,0,0,0,0,1,0,0,0
"Achnanthidium.affine.Fe+mix_event+Zmax_m","Fe+mix_event+Zmax_m","s(Fe, k = 5, bs = ""cr"") + s(mix_event, k = 5, bs = ""cr"") + s(Zmax_m, k = 5, bs = ""cr"") + s(Latitude, Longitude, k = 5)",229.315542540367,238.464645107049,0.54364,NA,17,7,1.582,1.531,0.08,0.075,0,0,0,0,1,0,0,1,0,1,0,0,0
"Achnanthidium.affine.Fe+wetland+Zmax_m","Fe+wetland+Zmax_m","s(Fe, k = 5, bs = ""cr"") + s(wetland, k = 5, bs = ""cr"") + s(Zmax_m, k = 5, bs = ""cr"") + s(Latitude, Longitude, k = 5)",229.515919619635,238.665022186317,0.57091,NA,17,8,1.783,1.732,0.072,0.068,0,0,0,0,1,0,0,0,0,1,0,1,0
"Achnanthidium.minutissimum.Fe+wetland+Zmax_m","Fe+wetland+Zmax_m","s(Fe, k = 5, bs = ""cr"") + s(wetland, k = 5, bs = ""cr"") + s(Zmax_m, k = 5, bs = ""cr"") + s(Latitude, Longitude, k = 5)",379.960214996116,389.109317562798,0.5795,NA,17.17,7,0,0,0.103,0.103,0,0,0,0,1,0,0,0,0,1,0,1,0
"Achnanthidium.minutissimum.Ca+Fe+wetland","Ca+Fe+wetland","s(Ca, k = 5, bs = ""cr"") + s(Fe, k = 5, bs = ""cr"") + s(wetland, k = 5, bs = ""cr"") + s(Latitude, Longitude, k = 5)",380.136726186409,389.285828753091,0.41321,NA,17,6,0.177,0.177,0.095,0.094,1,0,0,0,1,0,0,0,0,0,0,1,0
"Achnanthidium.minutissimum.Fe+mix_event+Zmax_m","Fe+mix_event+Zmax_m","s(Fe, k = 5, bs = ""cr"") + s(mix_event, k = 5, bs = ""cr"") + s(Zmax_m, k = 5, bs = ""cr"") + s(Latitude, Longitude, k = 5)",381.289787360111,390.438889926793,0.36263,NA,17,6,1.33,1.33,0.053,0.053,0,0,0,0,1,0,0,1,0,1,0,0,0
"Achnanthidium.minutissimum.Mg+wetland+Zmax_m","Mg+wetland+Zmax_m","s(Mg, k = 5, bs = ""cr"") + s(wetland, k = 5, bs = ""cr"") + s(Zmax_m, k = 5, bs = ""cr"") + s(Latitude, Longitude, k = 5)",381.299843672933,390.448946239614,0.57099,NA,17.21,7,1.34,1.34,0.053,0.053,0,1,0,0,0,0,0,0,0,1,0,1,0
"Achnanthidium.minutissimum.wetland+Zmax_m","wetland+Zmax_m","s(wetland, k = 5, bs = ""cr"") + s(Zmax_m, k = 5, bs = ""cr"") + s(Latitude, Longitude, k = 5)",381.54213203854,390.742047125566,0.57665,NA,13.17,5,1.582,1.633,0.047,0.046,0,0,0,0,0,0,0,0,0,1,0,1,0
"Achnanthidium.minutissimum.Ca+wetland","Ca+wetland","s(Ca, k = 5, bs = ""cr"") + s(wetland, k = 5, bs = ""cr"") + s(Latitude, Longitude, k = 5)",381.775651291225,390.975566378251,0.41472,NA,13,4,1.815,1.866,0.042,0.041,1,0,0,0,0,0,0,0,0,0,0,1,0
"Achnanthidium.minutissimum.K+mix_event+Zmax_m","K+mix_event+Zmax_m","s(K, k = 5, bs = ""cr"") + s(mix_event, k = 5, bs = ""cr"") + s(Zmax_m, k = 5, bs = ""cr"") + s(Latitude, Longitude, k = 5)",381.934518779012,391.083621345694,0.35258,NA,17,6,1.974,1.974,0.038,0.038,0,0,1,0,0,0,0,1,0,1,0,0,0
"Aulacoseira.alpigena.Ca+Fe+waterT","Ca+Fe+waterT","s(Ca, k = 5, bs = ""cr"") + s(Fe, k = 5, bs = ""cr"") + s(waterT, k = 5, bs = ""cr"") + s(Latitude, Longitude, k = 5)",395.360265137248,404.50936770393,0.35569,NA,17,8,0,0,0.117,0.117,1,0,0,0,1,1,0,0,0,0,0,0,0
"Aulacoseira.alpigena.Ca+Fe+secchi_m","Ca+Fe+secchi_m","s(Ca, k = 5, bs = ""cr"") + s(Fe, k = 5, bs = ""cr"") + s(secchi_m, k = 5, bs = ""cr"") + s(Latitude, Longitude, k = 5)",395.854953417432,405.004055984113,0.32216,NA,17,9,0.495,0.495,0.092,0.092,1,0,0,0,1,0,0,0,1,0,0,0,0
"Aulacoseira.alpigena.Ca+Fe+wetland","Ca+Fe+wetland","s(Ca, k = 5, bs = ""cr"") + s(Fe, k = 5, bs = ""cr"") + s(wetland, k = 5, bs = ""cr"") + s(Latitude, Longitude, k = 5)",395.916772349672,405.065874916353,0.32736,NA,17,9,0.557,0.557,0.089,0.089,1,0,0,0,1,0,0,0,0,0,0,1,0
"Aulacoseira.alpigena.Fe+mix_event+Zmax_m","Fe+mix_event+Zmax_m","s(Fe, k = 5, bs = ""cr"") + s(mix_event, k = 5, bs = ""cr"") + s(Zmax_m, k = 5, bs = ""cr"") + s(Latitude, Longitude, k = 5)",396.221199694699,405.370302261381,0.20346,NA,17,5,0.861,0.861,0.076,0.076,0,0,0,0,1,0,0,1,0,1,0,0,0
"Aulacoseira.alpigena.K+mix_event+Zmax_m","K+mix_event+Zmax_m","s(K, k = 5, bs = ""cr"") + s(mix_event, k = 5, bs = ""cr"") + s(Zmax_m, k = 5, bs = ""cr"") + s(Latitude, Longitude, k = 5)",396.689620054399,405.83872262108,0.216,NA,17,5,1.329,1.329,0.06,0.06,0,0,1,0,0,0,0,1,0,1,0,0,0
"Aulacoseira.alpigena.Fe+secchi_m+Zmax_m","Fe+secchi_m+Zmax_m","s(Fe, k = 5, bs = ""cr"") + s(secchi_m, k = 5, bs = ""cr"") + s(Zmax_m, k = 5, bs = ""cr"") + s(Latitude, Longitude, k = 5)",397.212720792933,406.361823359615,0.25164,NA,17,7,1.852,1.852,0.046,0.046,0,0,0,0,1,0,0,0,1,1,0,0,0
"Aulacoseira.distans.septentrionalis.bare_rock+Mg+Zmax_m","bare_rock+Mg+Zmax_m","s(bare_rock, k = 5, bs = ""cr"") + s(Mg, k = 5, bs = ""cr"") + s(Zmax_m, k = 5, bs = ""cr"") + s(Latitude, Longitude, k = 5)",300.619566973389,309.76866954007,0.25463,NA,17,3,0,0,0.256,0.259,0,1,0,0,0,0,0,0,0,1,0,0,1
"Aulacoseira.distans.septentrionalis.bare_rock+Zmax_m","bare_rock+Zmax_m","s(bare_rock, k = 5, bs = ""cr"") + s(Zmax_m, k = 5, bs = ""cr"") + s(Latitude, Longitude, k = 5)",300.736617296891,309.936532383916,0.25398,NA,13,1,0.117,0.168,0.242,0.238,0,0,0,0,0,0,0,0,0,1,0,0,1
"Aulacoseira.distans.septentrionalis.Mg+mix_event+Zmax_m","Mg+mix_event+Zmax_m","s(Mg, k = 5, bs = ""cr"") + s(mix_event, k = 5, bs = ""cr"") + s(Zmax_m, k = 5, bs = ""cr"") + s(Latitude, Longitude, k = 5)",301.566635287706,310.715737854388,0.07912,NA,17.06,5,0.947,0.947,0.16,0.161,0,1,0,0,0,0,0,1,0,1,0,0,0
"Aulacoseira.distans.septentrionalis.mix_event+Zmax_m","mix_event+Zmax_m","s(mix_event, k = 5, bs = ""cr"") + s(Zmax_m, k = 5, bs = ""cr"") + s(Latitude, Longitude, k = 5)",301.839997018798,311.039912105823,0.08204,NA,13.06,3,1.22,1.271,0.139,0.137,0,0,0,0,0,0,0,1,0,1,0,0,0
"Diatoma.tenuis.Fe+K+secchi_m","Fe+K+secchi_m","s(Fe, k = 5, bs = ""cr"") + s(K, k = 5, bs = ""cr"") + s(secchi_m, k = 5, bs = ""cr"") + s(Latitude, Longitude, k = 5)",217.155280016836,226.304382583517,0.6614,NA,17.02,4,0,0,0.354,0.339,0,0,1,0,1,0,0,0,1,0,0,0,0
"Diatoma.tenuis.Fe+K+Zmax_m","Fe+K+Zmax_m","s(Fe, k = 5, bs = ""cr"") + s(K, k = 5, bs = ""cr"") + s(Zmax_m, k = 5, bs = ""cr"") + s(Latitude, Longitude, k = 5)",218.739436913689,227.88853948037,0.42845,NA,17.03,3,1.584,1.584,0.161,0.154,0,0,1,0,1,0,0,0,0,1,0,0,0
"Discostella.stelligera.Fe+mix_event+Zmax_m","Fe+mix_event+Zmax_m","s(Fe, k = 5, bs = ""cr"") + s(mix_event, k = 5, bs = ""cr"") + s(Zmax_m, k = 5, bs = ""cr"") + s(Latitude, Longitude, k = 5)",423.109744904136,432.258847470817,0.52412,NA,17.06,4,0,0,0.231,0.231,0,0,0,0,1,0,0,1,0,1,0,0,0
"Discostella.stelligera.K+mix_event+Zmax_m","K+mix_event+Zmax_m","s(K, k = 5, bs = ""cr"") + s(mix_event, k = 5, bs = ""cr"") + s(Zmax_m, k = 5, bs = ""cr"") + s(Latitude, Longitude, k = 5)",423.591665020266,432.740767586947,0.51032,NA,17,3,0.482,0.482,0.182,0.182,0,0,1,0,0,0,0,1,0,1,0,0,0
"Discostella.stelligera.Fe+K+mix_event","Fe+K+mix_event","s(Fe, k = 5, bs = ""cr"") + s(K, k = 5, bs = ""cr"") + s(mix_event, k = 5, bs = ""cr"") + s(Latitude, Longitude, k = 5)",423.85539461532,433.004497182002,0.49625,NA,17.29,2,0.746,0.746,0.159,0.159,0,0,1,0,1,0,0,1,0,0,0,0,0
"Discostella.stelligera.Mg+mix_event+Zmax_m","Mg+mix_event+Zmax_m","s(Mg, k = 5, bs = ""cr"") + s(mix_event, k = 5, bs = ""cr"") + s(Zmax_m, k = 5, bs = ""cr"") + s(Latitude, Longitude, k = 5)",424.821011788731,433.970114355413,0.51945,NA,17,4,1.711,1.711,0.098,0.098,0,1,0,0,0,0,0,1,0,1,0,0,0
"Fragilaria.tenera.Mg+wetland+Zmax_m","Mg+wetland+Zmax_m","s(Mg, k = 5, bs = ""cr"") + s(wetland, k = 5, bs = ""cr"") + s(Zmax_m, k = 5, bs = ""cr"") + s(Latitude, Longitude, k = 5)",330.565554662529,339.714657229211,0.0679,NA,17.31,7,0,0,0.249,0.25,0,1,0,0,0,0,0,0,0,1,0,1,0
"Fragilaria.tenera.bare_rock+Mg+Zmax_m","bare_rock+Mg+Zmax_m","s(bare_rock, k = 5, bs = ""cr"") + s(Mg, k = 5, bs = ""cr"") + s(Zmax_m, k = 5, bs = ""cr"") + s(Latitude, Longitude, k = 5)",331.147769512565,340.296872079246,0.07175,NA,17,4,0.582,0.582,0.186,0.187,0,1,0,0,0,0,0,0,0,1,0,0,1
"Fragilaria.tenera.wetland+Zmax_m","wetland+Zmax_m","s(wetland, k = 5, bs = ""cr"") + s(Zmax_m, k = 5, bs = ""cr"") + s(Latitude, Longitude, k = 5)",332.25906177653,341.458976863556,0.02302,NA,13.45,5,1.694,1.744,0.107,0.105,0,0,0,0,0,0,0,0,0,1,0,1,0
"Fragilaria.tenera.Fe+wetland+Zmax_m","Fe+wetland+Zmax_m","s(Fe, k = 5, bs = ""cr"") + s(wetland, k = 5, bs = ""cr"") + s(Zmax_m, k = 5, bs = ""cr"") + s(Latitude, Longitude, k = 5)",332.41704371337,341.566146280052,0.02306,NA,17.39,7,1.851,1.851,0.099,0.099,0,0,0,0,1,0,0,0,0,1,0,1,0
"Navicula.notha.K+mix_event","K+mix_event","s(K, k = 5, bs = ""cr"") + s(mix_event, k = 5, bs = ""cr"") + s(Latitude, Longitude, k = 5)",263.395270248466,272.595185335492,0.3132,NA,13,2,0,0,0.372,0.363,0,0,1,0,0,0,0,1,0,0,0,0,0
"Navicula.notha.K+mix_event+Zmax_m","K+mix_event+Zmax_m","s(K, k = 5, bs = ""cr"") + s(mix_event, k = 5, bs = ""cr"") + s(Zmax_m, k = 5, bs = ""cr"") + s(Latitude, Longitude, k = 5)",263.998678883658,273.14778145034,0.32819,NA,17,4,0.603,0.553,0.275,0.276,0,0,1,0,0,0,0,1,0,1,0,0,0
"Navicula.notha.Fe+K+mix_event","Fe+K+mix_event","s(Fe, k = 5, bs = ""cr"") + s(K, k = 5, bs = ""cr"") + s(mix_event, k = 5, bs = ""cr"") + s(Latitude, Longitude, k = 5)",265.218755204771,274.367857771452,0.30769,NA,17.23,5,1.823,1.773,0.149,0.15,0,0,1,0,1,0,0,1,0,0,0,0,0
"Navicula.radiosa.bare_rock+Zmax_m","bare_rock+Zmax_m","s(bare_rock, k = 5, bs = ""cr"") + s(Zmax_m, k = 5, bs = ""cr"") + s(Latitude, Longitude, k = 5)",231.762323514516,240.962238601541,0.16493,NA,13,3,0,0,0.137,0.121,0,0,0,0,0,0,0,0,0,1,0,0,1
"Navicula.radiosa.wetland+Zmax_m","wetland+Zmax_m","s(wetland, k = 5, bs = ""cr"") + s(Zmax_m, k = 5, bs = ""cr"") + s(Latitude, Longitude, k = 5)",232.022027037943,241.221942124968,0.40765,NA,13,4,0.26,0.26,0.121,0.106,0,0,0,0,0,0,0,0,0,1,0,1,0
"Navicula.radiosa.bare_rock","bare_rock","s(bare_rock, k = 5, bs = ""cr"") + s(Latitude, Longitude, k = 5)",232.756257608833,241.078413787631,0.12076,NA,9,2,0.994,0.116,0.084,0.114,0,0,0,0,0,0,0,0,0,0,0,0,1
"Navicula.radiosa.Fe+wetland+Zmax_m","Fe+wetland+Zmax_m","s(Fe, k = 5, bs = ""cr"") + s(wetland, k = 5, bs = ""cr"") + s(Zmax_m, k = 5, bs = ""cr"") + s(Latitude, Longitude, k = 5)",232.875982417934,242.025084984616,0.42006,NA,17,6,1.114,1.063,0.079,0.071,0,0,0,0,1,0,0,0,0,1,0,1,0
"Navicula.radiosa.mix_event","mix_event","s(mix_event, k = 5, bs = ""cr"") + s(Latitude, Longitude, k = 5)",233.717775006013,242.039931184811,0.19032,NA,9,2,1.955,1.078,0.052,0.071,0,0,0,0,0,0,0,1,0,0,0,0,0
"Navicula.radiosa.K+mix_event","K+mix_event","s(K, k = 5, bs = ""cr"") + s(mix_event, k = 5, bs = ""cr"") + s(Latitude, Longitude, k = 5)",233.756052308902,242.955967395927,0.18981,NA,13,2,1.994,1.994,0.051,0.045,0,0,1,0,0,0,0,1,0,0,0,0,0
"Nitzschia.Atucyacu.1.lake_catch_ratio","lake_catch_ratio","s(lake_catch_ratio, k = 5, bs = ""cr"") + s(Latitude, Longitude, k = 5)",264.169640662015,272.491796840813,0.83649,NA,9,5,0,0,0.473,0.567,0,0,0,0,0,0,1,0,0,0,0,0,0
"Nitzschia.Atucyacu.1.lake_catch_ratio+Mg","lake_catch_ratio+Mg","s(lake_catch_ratio, k = 5, bs = ""cr"") + s(Mg, k = 5, bs = ""cr"") + s(Latitude, Longitude, k = 5)",264.984875533434,274.184790620459,0.84044,NA,13,4,0.815,1.693,0.315,0.243,0,1,0,0,0,0,1,0,0,0,0,0,0
"Nitzschia.cf.oberheimiana.K+mix_event","K+mix_event","s(K, k = 5, bs = ""cr"") + s(mix_event, k = 5, bs = ""cr"") + s(Latitude, Longitude, k = 5)",263.929733506943,273.129648593969,0.27543,NA,13,0,0,0,0.102,0.096,0,0,1,0,0,0,0,1,0,0,0,0,0
"Nitzschia.cf.oberheimiana.Alkalinity+Zmax_m","Alkalinity+Zmax_m","s(Alkalinity, k = 5, bs = ""cr"") + s(Zmax_m, k = 5, bs = ""cr"") + s(Latitude, Longitude, k = 5)",264.834657911802,274.034572998827,0.34785,NA,13,1,0.905,0.905,0.065,0.061,0,0,0,1,0,0,0,0,0,1,0,0,0
"Nitzschia.cf.oberheimiana.Ca+wetland","Ca+wetland","s(Ca, k = 5, bs = ""cr"") + s(wetland, k = 5, bs = ""cr"") + s(Latitude, Longitude, k = 5)",264.88141264592,274.081327732946,0.19211,NA,13,1,0.952,0.952,0.064,0.06,1,0,0,0,0,0,0,0,0,0,0,1,0
"Nitzschia.cf.oberheimiana.Fe+K+mix_event","Fe+K+mix_event","s(Fe, k = 5, bs = ""cr"") + s(K, k = 5, bs = ""cr"") + s(mix_event, k = 5, bs = ""cr"") + s(Latitude, Longitude, k = 5)",265.51740570801,274.666508274692,0.27936,NA,17.1,2,1.588,1.537,0.046,0.045,0,0,1,0,1,0,0,1,0,0,0,0,0
"Nitzschia.cf.oberheimiana.wetland","wetland","s(wetland, k = 5, bs = ""cr"") + s(Latitude, Longitude, k = 5)",265.550697093345,273.872853272142,0.19525,NA,9,0,1.621,0.743,0.046,0.066,0,0,0,0,0,0,0,0,0,0,0,1,0
"Nitzschia.cf.oberheimiana.K+Zmax_m","K+Zmax_m","s(K, k = 5, bs = ""cr"") + s(Zmax_m, k = 5, bs = ""cr"") + s(Latitude, Longitude, k = 5)",265.612862815621,274.812777902646,0.32993,NA,13,2,1.683,1.683,0.044,0.041,0,0,1,0,0,0,0,0,0,1,0,0,0
"Nitzschia.cf.oberheimiana.Fe+K+Zmax_m","Fe+K+Zmax_m","s(Fe, k = 5, bs = ""cr"") + s(K, k = 5, bs = ""cr"") + s(Zmax_m, k = 5, bs = ""cr"") + s(Latitude, Longitude, k = 5)",265.652069988094,274.801172554776,0.38954,NA,17.02,3,1.722,1.672,0.043,0.042,0,0,1,0,1,0,0,0,0,1,0,0,0
"Nitzschia.cf.oberheimiana.Ca+Fe+wetland","Ca+Fe+wetland","s(Ca, k = 5, bs = ""cr"") + s(Fe, k = 5, bs = ""cr"") + s(wetland, k = 5, bs = ""cr"") + s(Latitude, Longitude, k = 5)",265.758943158746,274.908045725428,0.20318,NA,17,3,1.829,1.778,0.041,0.039,1,0,0,0,1,0,0,0,0,0,0,1,0
"Nitzschia.cf.oberheimiana.wetland+Zmax_m","wetland+Zmax_m","s(wetland, k = 5, bs = ""cr"") + s(Zmax_m, k = 5, bs = ""cr"") + s(Latitude, Longitude, k = 5)",265.785587600153,274.985502687179,0.22165,NA,13.33,3,1.856,1.856,0.04,0.038,0,0,0,0,0,0,0,0,0,1,0,1,0
"Pseudostaurosira.laucensis.Fe+waterT+Zmax_m","Fe+waterT+Zmax_m","s(Fe, k = 5, bs = ""cr"") + s(waterT, k = 5, bs = ""cr"") + s(Zmax_m, k = 5, bs = ""cr"") + s(Latitude, Longitude, k = 5)",331.720537649965,340.869640216647,0.0174,NA,17,4,0,0,0.269,0.27,0,0,0,0,1,1,0,0,0,1,0,0,0
"Pseudostaurosira.laucensis.Alkalinity+waterT+Zmax_m","Alkalinity+waterT+Zmax_m","s(Alkalinity, k = 5, bs = ""cr"") + s(waterT, k = 5, bs = ""cr"") + s(Zmax_m, k = 5, bs = ""cr"") + s(Latitude, Longitude, k = 5)",332.278284132373,341.427386699055,0.0766,NA,17,3,0.558,0.558,0.203,0.204,0,0,0,1,0,1,0,0,0,1,0,0,0
"Pseudostaurosira.laucensis.waterT+Zmax_m","waterT+Zmax_m","s(waterT, k = 5, bs = ""cr"") + s(Zmax_m, k = 5, bs = ""cr"") + s(Latitude, Longitude, k = 5)",332.308983594551,341.508898681576,0.01662,NA,13,2,0.588,0.639,0.2,0.196,0,0,0,0,0,1,0,0,0,1,0,0,0
"Pseudostaurosira.laucensis.K+waterT+Zmax_m","K+waterT+Zmax_m","s(K, k = 5, bs = ""cr"") + s(waterT, k = 5, bs = ""cr"") + s(Zmax_m, k = 5, bs = ""cr"") + s(Latitude, Longitude, k = 5)",333.224227837078,342.373330403759,0.01489,NA,17,4,1.504,1.504,0.127,0.127,0,0,1,0,0,1,0,0,0,1,0,0,0
"Pseudostaurosira.laucensis.Mg+waterT+Zmax_m","Mg+waterT+Zmax_m","s(Mg, k = 5, bs = ""cr"") + s(waterT, k = 5, bs = ""cr"") + s(Zmax_m, k = 5, bs = ""cr"") + s(Latitude, Longitude, k = 5)",333.321469608603,342.470572175285,0.01801,NA,17,5,1.601,1.601,0.121,0.121,0,1,0,0,0,1,0,0,0,1,0,0,0
"Pseudostaurosira.santaremensis.Mg+mix_event+Zmax_m","Mg+mix_event+Zmax_m","s(Mg, k = 5, bs = ""cr"") + s(mix_event, k = 5, bs = ""cr"") + s(Zmax_m, k = 5, bs = ""cr"") + s(Latitude, Longitude, k = 5)",335.781880574587,344.930983141269,0.49009,NA,17,6,0,0,0.06,0.06,0,1,0,0,0,0,0,1,0,1,0,0,0
"Pseudostaurosira.santaremensis.K+waterT+Zmax_m","K+waterT+Zmax_m","s(K, k = 5, bs = ""cr"") + s(waterT, k = 5, bs = ""cr"") + s(Zmax_m, k = 5, bs = ""cr"") + s(Latitude, Longitude, k = 5)",336.076699888595,345.225802455276,0.46382,NA,17,5,0.295,0.295,0.052,0.052,0,0,1,0,0,1,0,0,0,1,0,0,0
"Pseudostaurosira.santaremensis.Fe+waterT+Zmax_m","Fe+waterT+Zmax_m","s(Fe, k = 5, bs = ""cr"") + s(waterT, k = 5, bs = ""cr"") + s(Zmax_m, k = 5, bs = ""cr"") + s(Latitude, Longitude, k = 5)",336.234170297718,345.3832728644,0.43928,NA,17,4,0.452,0.452,0.048,0.048,0,0,0,0,1,1,0,0,0,1,0,0,0
"Pseudostaurosira.santaremensis.Ca+Fe+wetland","Ca+Fe+wetland","s(Ca, k = 5, bs = ""cr"") + s(Fe, k = 5, bs = ""cr"") + s(wetland, k = 5, bs = ""cr"") + s(Latitude, Longitude, k = 5)",336.477247265504,345.626349832185,0.48201,NA,17,6,0.695,0.695,0.043,0.042,1,0,0,0,1,0,0,0,0,0,0,1,0
"Pseudostaurosira.santaremensis.K+secchi_m+Zmax_m","K+secchi_m+Zmax_m","s(K, k = 5, bs = ""cr"") + s(secchi_m, k = 5, bs = ""cr"") + s(Zmax_m, k = 5, bs = ""cr"") + s(Latitude, Longitude, k = 5)",336.483901502242,345.633004068924,0.51041,NA,17,7,0.702,0.702,0.042,0.042,0,0,1,0,0,0,0,0,1,1,0,0,0
"Pseudostaurosira.santaremensis.Alkalinity+waterT+Zmax_m","Alkalinity+waterT+Zmax_m","s(Alkalinity, k = 5, bs = ""cr"") + s(waterT, k = 5, bs = ""cr"") + s(Zmax_m, k = 5, bs = ""cr"") + s(Latitude, Longitude, k = 5)",336.541776307478,345.690878874159,0.45394,NA,17,5,0.76,0.76,0.041,0.041,0,0,0,1,0,1,0,0,0,1,0,0,0
"Pseudostaurosira.santaremensis.Ca+Fe+waterT","Ca+Fe+waterT","s(Ca, k = 5, bs = ""cr"") + s(Fe, k = 5, bs = ""cr"") + s(waterT, k = 5, bs = ""cr"") + s(Latitude, Longitude, k = 5)",336.61205081804,345.761153384721,0.51542,NA,17,6,0.83,0.83,0.04,0.04,1,0,0,0,1,1,0,0,0,0,0,0,0
"Pseudostaurosira.santaremensis.waterT+Zmax_m","waterT+Zmax_m","s(waterT, k = 5, bs = ""cr"") + s(Zmax_m, k = 5, bs = ""cr"") + s(Latitude, Longitude, k = 5)",336.799666351536,345.999581438562,0.44057,NA,13,3,1.018,1.069,0.036,0.035,0,0,0,0,0,1,0,0,0,1,0,0,0
"Pseudostaurosira.santaremensis.Fe+Mg+wetland","Fe+Mg+wetland","s(Fe, k = 5, bs = ""cr"") + s(Mg, k = 5, bs = ""cr"") + s(wetland, k = 5, bs = ""cr"") + s(Latitude, Longitude, k = 5)",336.889384045877,346.038486612559,0.45521,NA,17,5,1.108,1.108,0.035,0.035,0,1,0,0,1,0,0,0,0,0,0,1,0
"Pseudostaurosira.santaremensis.K+mix_event+Zmax_m","K+mix_event+Zmax_m","s(K, k = 5, bs = ""cr"") + s(mix_event, k = 5, bs = ""cr"") + s(Zmax_m, k = 5, bs = ""cr"") + s(Latitude, Longitude, k = 5)",336.994793797613,346.143896364294,0.45683,NA,17,6,1.213,1.213,0.033,0.033,0,0,1,0,0,0,0,1,0,1,0,0,0
"Pseudostaurosira.santaremensis.Fe+mix_event+Zmax_m","Fe+mix_event+Zmax_m","s(Fe, k = 5, bs = ""cr"") + s(mix_event, k = 5, bs = ""cr"") + s(Zmax_m, k = 5, bs = ""cr"") + s(Latitude, Longitude, k = 5)",336.996532498245,346.145635064927,0.45149,NA,17,6,1.215,1.215,0.033,0.033,0,0,0,0,1,0,0,1,0,1,0,0,0
"Pseudostaurosira.santaremensis.Mg+wetland","Mg+wetland","s(Mg, k = 5, bs = ""cr"") + s(wetland, k = 5, bs = ""cr"") + s(Latitude, Longitude, k = 5)",337.068483985688,346.268399072713,0.4548,NA,13,3,1.287,1.337,0.032,0.031,0,1,0,0,0,0,0,0,0,0,0,1,0
"Pseudostaurosira.santaremensis.Mg+wetland+Zmax_m","Mg+wetland+Zmax_m","s(Mg, k = 5, bs = ""cr"") + s(wetland, k = 5, bs = ""cr"") + s(Zmax_m, k = 5, bs = ""cr"") + s(Latitude, Longitude, k = 5)",337.215737394465,346.364839961147,0.49512,NA,17.13,6,1.434,1.434,0.029,0.029,0,1,0,0,0,0,0,0,0,1,0,1,0
"Pseudostaurosira.santaremensis.Ca+wetland","Ca+wetland","s(Ca, k = 5, bs = ""cr"") + s(wetland, k = 5, bs = ""cr"") + s(Latitude, Longitude, k = 5)",337.250209300474,346.450124387499,0.46703,NA,13,4,1.468,1.519,0.029,0.028,1,0,0,0,0,0,0,0,0,0,0,1,0
"Pseudostaurosira.santaremensis.Ca+waterT","Ca+waterT","s(Ca, k = 5, bs = ""cr"") + s(waterT, k = 5, bs = ""cr"") + s(Latitude, Longitude, k = 5)",337.376156727596,346.576071814621,0.50297,NA,13,4,1.594,1.645,0.027,0.026,1,0,0,0,0,1,0,0,0,0,0,0,0
"Pseudostaurosira.santaremensis.mix_event+Zmax_m","mix_event+Zmax_m","s(mix_event, k = 5, bs = ""cr"") + s(Zmax_m, k = 5, bs = ""cr"") + s(Latitude, Longitude, k = 5)",337.474354062971,346.674269149997,0.45427,NA,13,4,1.692,1.743,0.026,0.025,0,0,0,0,0,0,0,1,0,1,0,0,0
"Staurosirella.pinnata.Ca+waterT","Ca+waterT","s(Ca, k = 5, bs = ""cr"") + s(waterT, k = 5, bs = ""cr"") + s(Latitude, Longitude, k = 5)",296.137379145896,305.337294232921,0.30277,NA,13,3,0,0,0.185,0.174,1,0,0,0,0,1,0,0,0,0,0,0,0
"Staurosirella.pinnata.Ca+Fe+waterT","Ca+Fe+waterT","s(Ca, k = 5, bs = ""cr"") + s(Fe, k = 5, bs = ""cr"") + s(waterT, k = 5, bs = ""cr"") + s(Latitude, Longitude, k = 5)",296.892433377672,306.041535944354,0.30826,NA,17,5,0.755,0.704,0.127,0.122,1,0,0,0,1,1,0,0,0,0,0,0,0
"Staurosirella.pinnata.Fe+waterT","Fe+waterT","s(Fe, k = 5, bs = ""cr"") + s(waterT, k = 5, bs = ""cr"") + s(Latitude, Longitude, k = 5)",297.560155065466,306.760070152492,0.38436,NA,13,3,1.423,1.423,0.091,0.085,0,0,0,0,1,1,0,0,0,0,0,0,0
"Staurosirella.pinnata.waterT","waterT","s(waterT, k = 5, bs = ""cr"") + s(Latitude, Longitude, k = 5)",297.569087818413,305.891243997211,0.37894,NA,9,1,1.432,0.554,0.091,0.132,0,0,0,0,0,1,0,0,0,0,0,0,0
"Staurosirella.pinnata.Alkalinity+waterT","Alkalinity+waterT","s(Alkalinity, k = 5, bs = ""cr"") + s(waterT, k = 5, bs = ""cr"") + s(Latitude, Longitude, k = 5)",297.99787609625,307.197791183276,0.37672,NA,13,3,1.86,1.86,0.073,0.068,0,0,0,1,0,1,0,0,0,0,0,0,0
"Staurosirella.sp.2.mix_event+Zmax_m","mix_event+Zmax_m","s(mix_event, k = 5, bs = ""cr"") + s(Zmax_m, k = 5, bs = ""cr"") + s(Latitude, Longitude, k = 5)",215.747607102679,224.947522189704,0.61284,NA,13.11,5,0,0.386,0.237,0.199,0,0,0,0,0,0,0,1,0,1,0,0,0
"Staurosirella.sp.2.mix_event","mix_event","s(mix_event, k = 5, bs = ""cr"") + s(Latitude, Longitude, k = 5)",216.239450449187,224.561606627984,0.45232,NA,9,1,0.492,0,0.185,0.241,0,0,0,0,0,0,0,1,0,0,0,0,0
"Staurosirella.sp.2.lake_catch_ratio","lake_catch_ratio","s(lake_catch_ratio, k = 5, bs = ""cr"") + s(Latitude, Longitude, k = 5)",217.288517487375,225.610673666172,0.07138,NA,9,1,1.541,1.049,0.109,0.143,0,0,0,0,0,0,1,0,0,0,0,0,0
"Tabellaria.fenestrata","bare_rock+Ca","s(bare_rock, k = 5, bs = ""cr"") + s(Ca, k = 5, bs = ""cr"") + s(Latitude, Longitude, k = 5)",183.428868654839,192.628783741864,0.20528,NA,13,0,0,0,0.424,0.362,1,0,0,0,0,0,0,0,0,0,0,0,1
"Tabellaria.flocculosa.mix_event+Zmax_m","mix_event+Zmax_m","s(mix_event, k = 5, bs = ""cr"") + s(Zmax_m, k = 5, bs = ""cr"") + s(Latitude, Longitude, k = 5)",277.944449567571,287.144364654596,0.51342,NA,13,5,0,0,0.399,0.385,0,0,0,0,0,0,0,1,0,1,0,0,0
"Tabellaria.flocculosa.Fe+mix_event+Zmax_m","Fe+mix_event+Zmax_m","s(Fe, k = 5, bs = ""cr"") + s(mix_event, k = 5, bs = ""cr"") + s(Zmax_m, k = 5, bs = ""cr"") + s(Latitude, Longitude, k = 5)",279.427211892807,288.576314459489,0.51411,NA,17,7,1.483,1.432,0.19,0.188,0,0,0,0,1,0,0,1,0,1,0,0,0
"Tabellaria.flocculosa.K+mix_event+Zmax_m","K+mix_event+Zmax_m","s(K, k = 5, bs = ""cr"") + s(mix_event, k = 5, bs = ""cr"") + s(Zmax_m, k = 5, bs = ""cr"") + s(Latitude, Longitude, k = 5)",279.779405346582,288.928507913264,0.50244,NA,17,7,1.835,1.784,0.159,0.158,0,0,1,0,0,0,0,1,0,1,0,0,0
"Ulnaria.delicatissima","Altitude+Zmax_m","s(Altitude, k = 5, bs = ""cr"") + s(Zmax_m, k = 5, bs = ""cr"") + s(Latitude, Longitude, k = 5)",203.589496835572,212.789411922597,0.32023,NA,13,5,0,0,0.792,0.742,0,0,0,0,0,0,0,0,0,1,1,0,0
